playlist_id,posicion,cancion_id,titulo,artista
p01,1,c093,Cielo ciudad,Mar Club
p01,2,c051,Luna sol,Luna Band
p01,3,c300,Horizonte lluvia,Ciudad Trío
p01,4,c008,Lluvia ciudad,Luna Sur
p01,5,c252,Fuego sol,Ciudad Trío
p01,6,c075,Camino tiempo,Cielo Sur
p01,7,c166,Tiempo viento,Lluvia Trío
p01,8,c138,Luna ciudad,Lluvia Trío
p01,9,c154,Sol ciudad,Cielo Trío
p01,10,c072,Eco sol,Horizonte Sur
p01,11,c021,Noche ciudad,Cielo Trío
p01,12,c202,Sueño fuego,Cielo Sur
p01,13,c153,Tiempo lluvia,Cielo Sur
p01,14,c068,Fuego tiempo,Volcán Sur
p02,1,c063,Lluvia mar,Sueño Band
p02,2,c248,Horizonte fuego,Lluvia Trío
p02,3,c275,Ciudad lluvia,Mar Band
p02,4,c108,Río ciudad,Mar Sur
p02,5,c154,Sol ciudad,Cielo Trío
p02,6,c203,Fuego ciudad,Cielo Band
p02,7,c206,Ciudad horizonte,Viento Band
p02,8,c231,Tiempo volcán,Lluvia Trío
p02,9,c083,Fuego noche,Ciudad Trío
p03,1,c182,Mar cielo,Volcán Trío
p03,2,c059,Mar ciudad,Volcán Sur
p03,3,c275,Ciudad lluvia,Mar Band
p03,4,c043,Sueño ciudad,Ciudad Trío
p03,5,c124,Viento noche,Cielo Band
p03,6,c140,Noche volcán,Lluvia Trío
p03,7,c297,Cielo eco,Sueño Band
p03,8,c062,Fuego horizonte,Noche Club
p03,9,c253,Río sueño,Eco Norte
p03,10,c109,Sol lluvia,Tiempo Trío
p03,11,c017,Ciudad camino,Mar Club
p03,12,c174,Luna eco,Ciudad Trío
p03,13,c259,Noche sol,Cielo Band
p03,14,c172,Horizonte mar,Eco Norte
p03,15,c170,Viento ciudad,Lluvia Trío
p04,1,c299,Ciudad luna,Sueño Band
p04,2,c087,Sueño viento,Horizonte Sur
p04,3,c157,Noche mar,Eco Norte
p04,4,c171,Ciudad camino,Noche Club
p04,5,c196,Sol cielo,Lluvia Sur
p04,6,c216,Eco viento,Tiempo Band
p04,7,c034,Río tiempo,Mar Sur
p04,8,c292,Fuego luna,Fuego Trío
p04,9,c001,Fuego ciudad,Sueño Band
p04,10,c161,Cielo río,Cielo Trío
p04,11,c134,Ciudad tiempo,Lluvia Trío
p04,12,c296,Noche ciudad,Ciudad Trío
p04,13,c259,Noche sol,Cielo Band
p04,14,c252,Fuego sol,Ciudad Trío
p04,15,c129,Cielo ciudad,Cielo Trío
p04,16,c091,Volcán sueño,Lluvia Sur
p04,17,c028,Noche lluvia,Tiempo Club
p05,1,c208,Horizonte lluvia,Cielo Trío
p05,2,c178,Río luna,Noche Club
p05,3,c093,Cielo ciudad,Mar Club
p05,4,c253,Río sueño,Eco Norte
p05,5,c250,Volcán luna,Mar Sur
p05,6,c269,Mar luna,Lluvia Trío
p05,7,c105,Sol tiempo,Ciudad Trío
p05,8,c100,Río lluvia,Noche Club
p05,9,c131,Camino fuego,Mar Band
p05,10,c228,Fuego ciudad,Cielo Sur
p05,11,c083,Fuego noche,Ciudad Trío
p05,12,c066,Mar viento,Tiempo Sur
p05,13,c283,Luna luna,Sueño Band
p05,14,c204,Río volcán,Camino Norte
p05,15,c077,Río cielo,Tiempo Sur
p05,16,c121,Sueño horizonte,Volcán Sur
p06,1,c257,Tiempo ciudad,Fuego Sur
p06,2,c265,Volcán mar,Mar Club
p06,3,c004,Camino lluvia,Tiempo Sur
p06,4,c071,Mar volcán,Lluvia Sur
p06,5,c075,Camino tiempo,Cielo Sur
p07,1,c054,Mar ciudad,Noche Club
p07,2,c080,Mar cielo,Viento Band
p07,3,c269,Mar luna,Lluvia Trío
p07,4,c043,Sueño ciudad,Ciudad Trío
p07,5,c228,Fuego ciudad,Cielo Sur
p07,6,c051,Luna sol,Luna Band
p07,7,c088,Fuego cielo,Cielo Sur
p07,8,c057,Sol lluvia,Tiempo Band
p07,9,c140,Noche volcán,Lluvia Trío
p07,10,c160,Noche lluvia,Sueño Band
p07,11,c243,Ciudad tiempo,Lluvia Trío
p07,12,c060,Lluvia tiempo,Ciudad Trío
p07,13,c259,Noche sol,Cielo Band
p07,14,c239,Mar cielo,Ciudad Trío
p07,15,c119,Volcán fuego,Luna Band
p07,16,c169,Camino río,Luna Band
p08,1,c277,Luna ciudad,Noche Club
p08,2,c158,Lluvia lluvia,Tiempo Club
p08,3,c198,Sueño sueño,Tiempo Sur
p08,4,c031,Lluvia sol,Lluvia Trío
p08,5,c121,Sueño horizonte,Volcán Sur
p08,6,c256,Fuego cielo,Tiempo Club
p08,7,c145,Luna horizonte,Tiempo Sur
p08,8,c214,Camino fuego,Cielo Sur
p08,9,c102,Horizonte sueño,Fuego Sur
p08,10,c149,Noche río,Lluvia Band
p08,11,c165,Sol mar,Horizonte Sur
p08,12,c062,Fuego horizonte,Noche Club
p08,13,c203,Fuego ciudad,Cielo Band
p08,14,c194,Fuego río,Mar Band
p08,15,c276,Noche cielo,Eco Norte
p09,1,c148,Sol mar,Tiempo Sur
p09,2,c076,Cielo noche,Lluvia Trío
p09,3,c087,Sueño viento,Horizonte Sur
p09,4,c182,Mar cielo,Volcán Trío
p09,5,c065,Volcán fuego,Lluvia Trío
p09,6,c043,Sueño ciudad,Ciudad Trío
p09,7,c160,Noche lluvia,Sueño Band
p09,8,c113,Horizonte viento,Cielo Trío
p09,9,c233,Eco río,Horizonte Sur
p09,10,c032,Fuego luna,Cielo Trío
p09,11,c069,Cielo camino,Tiempo Club
p09,12,c121,Sueño horizonte,Volcán Sur
p09,13,c225,Noche viento,Luna Band
p10,1,c136,Horizonte viento,Mar Club
p10,2,c160,Noche lluvia,Sueño Band
p10,3,c023,Río tiempo,Cielo Trío
p10,4,c249,Ciudad sueño,Cielo Sur
p10,5,c267,Luna tiempo,Cielo Band
p10,6,c141,Sueño ciudad,Horizonte Sur
p10,7,c227,Sueño fuego,Eco Norte
p10,8,c011,Horizonte sueño,Cielo Trío
p10,9,c106,Cielo luna,Tiempo Club
p10,10,c254,Cielo viento,Volcán Norte
p10,11,c140,Noche volcán,Lluvia Trío
p11,1,c228,Fuego ciudad,Cielo Sur
p11,2,c278,Volcán horizonte,Cielo Band
p11,3,c041,Horizonte fuego,Volcán Sur
p11,4,c294,Volcán noche,Volcán Sur
p11,5,c165,Sol mar,Horizonte Sur
p11,6,c178,Río luna,Noche Club
p11,7,c169,Camino río,Luna Band
p11,8,c242,Lluvia eco,Lluvia Club
p11,9,c188,Noche viento,Mar Club
p11,10,c072,Eco sol,Horizonte Sur
p11,11,c107,Ciudad sol,Luna Sur
p11,12,c091,Volcán sueño,Lluvia Sur
p11,13,c010,Río sol,Sueño Band
p11,14,c271,Horizonte mar,Viento Norte
p12,1,c196,Sol cielo,Lluvia Sur
p12,2,c056,Río cielo,Tiempo Club
p12,3,c236,Ciudad ciudad,Tiempo Trío
p12,4,c291,Sueño camino,Volcán Sur
p12,5,c167,Mar cielo,Tiempo Trío
p12,6,c081,Horizonte sol,Mar Club
p12,7,c210,Cielo fuego,Ciudad Trío
p12,8,c173,Lluvia sol,Tiempo Sur
p12,9,c245,Volcán mar,Cielo Trío
p12,10,c091,Volcán sueño,Lluvia Sur
p12,11,c164,Noche luna,Sueño Band
p12,12,c232,Río sueño,Fuego Trío
p12,13,c198,Sueño sueño,Tiempo Sur
p12,14,c195,Volcán lluvia,Cielo Trío
p12,15,c128,Ciudad lluvia,Horizonte Trío
p13,1,c269,Mar luna,Lluvia Trío
p13,2,c292,Fuego luna,Fuego Trío
p13,3,c188,Noche viento,Mar Club
p13,4,c025,Sol eco,Sueño Band
p13,5,c235,Tiempo río,Eco Norte
p13,6,c279,Tiempo horizonte,Viento Band
p13,7,c051,Luna sol,Luna Band
p13,8,c150,Noche ciudad,Tiempo Sur
p13,9,c159,Eco sueño,Lluvia Club
p13,10,c191,Eco río,Fuego Trío
p13,11,c145,Luna horizonte,Tiempo Sur
p14,1,c022,Lluvia luna,Tiempo Trío
p14,2,c081,Horizonte sol,Mar Club
p14,3,c212,Ciudad horizonte,Camino Norte
p14,4,c279,Tiempo horizonte,Viento Band
p14,5,c067,Viento horizonte,Camino Norte
p14,6,c044,Mar cielo,Fuego Sur
p14,7,c287,Luna ciudad,Lluvia Sur
p15,1,c202,Sueño fuego,Cielo Sur
p15,2,c106,Cielo luna,Tiempo Club
p15,3,c247,Horizonte ciudad,Tiempo Trío
p15,4,c058,Eco mar,Tiempo Band
p15,5,c126,Río lluvia,Camino Norte
p15,6,c228,Fuego ciudad,Cielo Sur
p15,7,c224,Río sol,Luna Sur
p15,8,c103,Cielo río,Mar Band
p15,9,c278,Volcán horizonte,Cielo Band
p15,10,c072,Eco sol,Horizonte Sur
p15,11,c099,Volcán cielo,Fuego Sur
p15,12,c256,Fuego cielo,Tiempo Club
p15,13,c164,Noche luna,Sueño Band
p15,14,c108,Río ciudad,Mar Sur
p15,15,c175,Eco fuego,Volcán Sur
p15,16,c261,Río luna,Lluvia Club
p15,17,c203,Fuego ciudad,Cielo Band
p15,18,c284,Noche lluvia,Volcán Norte
p16,1,c036,Sueño ciudad,Eco Norte
p16,2,c271,Horizonte mar,Viento Norte
p16,3,c179,Viento camino,Ciudad Trío
p16,4,c274,Fuego fuego,Sueño Band
p16,5,c001,Fuego ciudad,Sueño Band
p16,6,c165,Sol mar,Horizonte Sur
p16,7,c093,Cielo ciudad,Mar Club
p16,8,c071,Mar volcán,Lluvia Sur
p17,1,c194,Fuego río,Mar Band
p17,2,c027,Mar fuego,Lluvia Sur
p17,3,c122,Volcán lluvia,Ciudad Band
p17,4,c138,Luna ciudad,Lluvia Trío
p17,5,c215,Mar horizonte,Tiempo Trío
p17,6,c294,Volcán noche,Volcán Sur
p17,7,c045,Lluvia ciudad,Fuego Sur
p17,8,c004,Camino lluvia,Tiempo Sur
p17,9,c063,Lluvia mar,Sueño Band
p17,10,c220,Luna ciudad,Volcán Trío
p17,11,c003,Noche fuego,Volcán Trío
p18,1,c195,Volcán lluvia,Cielo Trío
p18,2,c085,Noche ciudad,Sueño Band
p18,3,c225,Noche viento,Luna Band
p18,4,c038,Mar sueño,Mar Band
p18,5,c127,Luna sueño,Eco Norte
p18,6,c078,Luna mar,Ciudad Trío
p18,7,c245,Volcán mar,Cielo Trío
p18,8,c118,Ciudad mar,Cielo Band
p18,9,c098,Sueño viento,Lluvia Trío
p18,10,c258,Viento ciudad,Tiempo Club
p18,11,c162,Eco lluvia,Tiempo Club
p18,12,c214,Camino fuego,Cielo Sur
p19,1,c262,Mar mar,Viento Norte
p19,2,c135,Ciudad fuego,Ciudad Band
p19,3,c211,Tiempo sol,Mar Norte
p19,4,c064,Lluvia sol,Lluvia Sur
p19,5,c277,Luna ciudad,Noche Club
p19,6,c015,Luna río,Mar Band
p19,7,c144,Fuego lluvia,Lluvia Trío
p19,8,c189,Noche volcán,Horizonte Sur
p19,9,c088,Fuego cielo,Cielo Sur
p19,10,c045,Lluvia ciudad,Fuego Sur
p19,11,c264,Luna camino,Lluvia Trío
p19,12,c255,Sueño sueño,Volcán Trío
p19,13,c260,Sol camino,Tiempo Band
p19,14,c179,Viento camino,Ciudad Trío
p19,15,c284,Noche lluvia,Volcán Norte
p19,16,c080,Mar cielo,Viento Band
p19,17,c159,Eco sueño,Lluvia Club
p20,1,c124,Viento noche,Cielo Band
p20,2,c118,Ciudad mar,Cielo Band
p20,3,c129,Cielo ciudad,Cielo Trío
p20,4,c261,Río luna,Lluvia Club
p20,5,c062,Fuego horizonte,Noche Club
p20,6,c116,Mar eco,Horizonte Sur
p20,7,c278,Volcán horizonte,Cielo Band
p20,8,c141,Sueño ciudad,Horizonte Sur
p20,9,c205,Volcán camino,Tiempo Club
p20,10,c067,Viento horizonte,Camino Norte
p20,11,c070,Sueño tiempo,Lluvia Trío
p20,12,c218,Fuego mar,Tiempo Club
p20,13,c133,Tiempo noche,Ciudad Trío
p20,14,c187,Cielo cielo,Horizonte Trío
p20,15,c170,Viento ciudad,Lluvia Trío
p20,16,c190,Tiempo horizonte,Eco Norte
p20,17,c222,Lluvia lluvia,Luna Band
p21,1,c161,Cielo río,Cielo Trío
p21,2,c156,Fuego eco,Camino Norte
p21,3,c201,Ciudad tiempo,Tiempo Band
p21,4,c013,Camino eco,Lluvia Trío
p21,5,c135,Ciudad fuego,Ciudad Band
p21,6,c300,Horizonte lluvia,Ciudad Trío
p21,7,c129,Cielo ciudad,Cielo Trío
p21,8,c011,Horizonte sueño,Cielo Trío
p21,9,c099,Volcán cielo,Fuego Sur
p21,10,c236,Ciudad ciudad,Tiempo Trío
p21,11,c157,Noche mar,Eco Norte
p21,12,c061,Ciudad tiempo,Noche Club
p21,13,c182,Mar cielo,Volcán Trío
p21,14,c078,Luna mar,Ciudad Trío
p21,15,c153,Tiempo lluvia,Cielo Sur
p22,1,c214,Camino fuego,Cielo Sur
p22,2,c266,Volcán volcán,Tiempo Band
p22,3,c020,Tiempo mar,Mar Sur
p22,4,c203,Fuego ciudad,Cielo Band
p22,5,c164,Noche luna,Sueño Band
p22,6,c205,Volcán camino,Tiempo Club
p23,1,c097,Eco cielo,Mar Band
p23,2,c172,Horizonte mar,Eco Norte
p23,3,c224,Río sol,Luna Sur
p23,4,c267,Luna tiempo,Cielo Band
p23,5,c046,Río río,Lluvia Band
p23,6,c187,Cielo cielo,Horizonte Trío
p23,7,c271,Horizonte mar,Viento Norte
p23,8,c227,Sueño fuego,Eco Norte
p23,9,c263,Fuego ciudad,Eco Norte
p23,10,c014,Eco cielo,Tiempo Club
p23,11,c060,Lluvia tiempo,Ciudad Trío
p23,12,c113,Horizonte viento,Cielo Trío
p23,13,c213,Río lluvia,Mar Norte
p23,14,c071,Mar volcán,Lluvia Sur
p23,15,c133,Tiempo noche,Ciudad Trío
p23,16,c173,Lluvia sol,Tiempo Sur
p24,1,c129,Cielo ciudad,Cielo Trío
p24,2,c238,Camino fuego,Lluvia Sur
p24,3,c121,Sueño horizonte,Volcán Sur
p24,4,c010,Río sol,Sueño Band
p24,5,c150,Noche ciudad,Tiempo Sur
p24,6,c139,Lluvia noche,Tiempo Club
p24,7,c043,Sueño ciudad,Ciudad Trío
p24,8,c074,Lluvia cielo,Horizonte Trío
p24,9,c230,Camino lluvia,Viento Band
p24,10,c135,Ciudad fuego,Ciudad Band
p24,11,c264,Luna camino,Lluvia Trío
p24,12,c137,Viento ciudad,Volcán Sur
p24,13,c234,Camino viento,Viento Norte
p25,1,c029,Camino mar,Ciudad Trío
p25,2,c243,Ciudad tiempo,Lluvia Trío
p25,3,c259,Noche sol,Cielo Band
p25,4,c088,Fuego cielo,Cielo Sur
p25,5,c249,Ciudad sueño,Cielo Sur
p25,6,c150,Noche ciudad,Tiempo Sur
p25,7,c113,Horizonte viento,Cielo Trío
p25,8,c096,Volcán mar,Tiempo Sur
p25,9,c081,Horizonte sol,Mar Club
p25,10,c119,Volcán fuego,Luna Band
p25,11,c229,Luna viento,Lluvia Trío
p25,12,c251,Volcán fuego,Luna Band
p25,13,c149,Noche río,Lluvia Band
p25,14,c159,Eco sueño,Lluvia Club
p25,15,c071,Mar volcán,Lluvia Sur
p25,16,c186,Lluvia cielo,Lluvia Club
p25,17,c291,Sueño camino,Volcán Sur
p25,18,c255,Sueño sueño,Volcán Trío
p26,1,c210,Cielo fuego,Ciudad Trío
p26,2,c075,Camino tiempo,Cielo Sur
p26,3,c099,Volcán cielo,Fuego Sur
p26,4,c060,Lluvia tiempo,Ciudad Trío
p26,5,c280,Río sueño,Ciudad Band
p26,6,c206,Ciudad horizonte,Viento Band
p26,7,c050,Fuego tiempo,Ciudad Trío
p26,8,c248,Horizonte fuego,Lluvia Trío
p26,9,c214,Camino fuego,Cielo Sur
p26,10,c209,Sueño sol,Mar Sur
p26,11,c290,Fuego noche,Horizonte Trío
p26,12,c001,Fuego ciudad,Sueño Band
p26,13,c251,Volcán fuego,Luna Band
p27,1,c043,Sueño ciudad,Ciudad Trío
p27,2,c022,Lluvia luna,Tiempo Trío
p27,3,c205,Volcán camino,Tiempo Club
p27,4,c062,Fuego horizonte,Noche Club
p27,5,c119,Volcán fuego,Luna Band
p27,6,c078,Luna mar,Ciudad Trío
p27,7,c215,Mar horizonte,Tiempo Trío
p27,8,c154,Sol ciudad,Cielo Trío
p27,9,c230,Camino lluvia,Viento Band
p27,10,c029,Camino mar,Ciudad Trío
p27,11,c125,Camino camino,Luna Sur
p27,12,c227,Sueño fuego,Eco Norte
p28,1,c187,Cielo cielo,Horizonte Trío
p28,2,c007,Río lluvia,Mar Band
p28,3,c191,Eco río,Fuego Trío
p28,4,c271,Horizonte mar,Viento Norte
p28,5,c206,Ciudad horizonte,Viento Band
p28,6,c053,Mar fuego,Lluvia Trío
p28,7,c261,Río luna,Lluvia Club
p28,8,c062,Fuego horizonte,Noche Club
p28,9,c207,Fuego viento,Lluvia Club
p28,10,c097,Eco cielo,Mar Band
p28,11,c009,Noche horizonte,Lluvia Band
p28,12,c238,Camino fuego,Lluvia Sur
p28,13,c056,Río cielo,Tiempo Club
p28,14,c025,Sol eco,Sueño Band
p28,15,c114,Cielo río,Tiempo Trío
p28,16,c018,Viento sol,Cielo Band
p28,17,c209,Sueño sol,Mar Sur
p28,18,c182,Mar cielo,Volcán Trío
p29,1,c092,Viento ciudad,Mar Sur
p29,2,c183,Fuego tiempo,Lluvia Sur
p29,3,c080,Mar cielo,Viento Band
p29,4,c242,Lluvia eco,Lluvia Club
p29,5,c205,Volcán camino,Tiempo Club
p29,6,c118,Ciudad mar,Cielo Band
p29,7,c053,Mar fuego,Lluvia Trío
p29,8,c160,Noche lluvia,Sueño Band
p30,1,c025,Sol eco,Sueño Band
p30,2,c035,Mar volcán,Cielo Trío
p30,3,c017,Ciudad camino,Mar Club
p30,4,c002,Sueño eco,Cielo Sur
p30,5,c157,Noche mar,Eco Norte
p30,6,c009,Noche horizonte,Lluvia Band
p30,7,c098,Sueño viento,Lluvia Trío
p30,8,c283,Luna luna,Sueño Band
p30,9,c239,Mar cielo,Ciudad Trío
p30,10,c097,Eco cielo,Mar Band
p31,1,c225,Noche viento,Luna Band
p31,2,c259,Noche sol,Cielo Band
p31,3,c222,Lluvia lluvia,Luna Band
p31,4,c060,Lluvia tiempo,Ciudad Trío
p31,5,c167,Mar cielo,Tiempo Trío
p31,6,c087,Sueño viento,Horizonte Sur
p31,7,c199,Cielo ciudad,Tiempo Sur
p31,8,c025,Sol eco,Sueño Band
p31,9,c012,Horizonte viento,Eco Norte
p31,10,c144,Fuego lluvia,Lluvia Trío
p31,11,c216,Eco viento,Tiempo Band
p31,12,c083,Fuego noche,Ciudad Trío
p31,13,c068,Fuego tiempo,Volcán Sur
p31,14,c295,Tiempo sueño,Luna Sur
p31,15,c239,Mar cielo,Ciudad Trío
p31,16,c223,Horizonte lluvia,Volcán Trío
p31,17,c231,Tiempo volcán,Lluvia Trío
p32,1,c133,Tiempo noche,Ciudad Trío
p32,2,c033,Lluvia luna,Mar Norte
p32,3,c066,Mar viento,Tiempo Sur
p32,4,c248,Horizonte fuego,Lluvia Trío
p32,5,c013,Camino eco,Lluvia Trío
p33,1,c030,Mar mar,Tiempo Band
p33,2,c129,Cielo ciudad,Cielo Trío
p33,3,c095,Tiempo fuego,Volcán Trío
p33,4,c035,Mar volcán,Cielo Trío
p33,5,c263,Fuego ciudad,Eco Norte
p33,6,c253,Río sueño,Eco Norte
p33,7,c033,Lluvia luna,Mar Norte
p33,8,c220,Luna ciudad,Volcán Trío
p33,9,c022,Lluvia luna,Tiempo Trío
p33,10,c063,Lluvia mar,Sueño Band
p33,11,c261,Río luna,Lluvia Club
p33,12,c137,Viento ciudad,Volcán Sur
p33,13,c008,Lluvia ciudad,Luna Sur
p33,14,c143,Noche eco,Ciudad Trío
p33,15,c117,Camino cielo,Ciudad Trío
p34,1,c059,Mar ciudad,Volcán Sur
p34,2,c115,Sol volcán,Volcán Trío
p34,3,c208,Horizonte lluvia,Cielo Trío
p34,4,c043,Sueño ciudad,Ciudad Trío
p34,5,c236,Ciudad ciudad,Tiempo Trío
p34,6,c130,Eco noche,Tiempo Club
p34,7,c231,Tiempo volcán,Lluvia Trío
p34,8,c177,Cielo noche,Tiempo Band
p34,9,c200,Fuego horizonte,Lluvia Band
p34,10,c152,Viento lluvia,Mar Norte
p34,11,c178,Río luna,Noche Club
p35,1,c262,Mar mar,Viento Norte
p35,2,c078,Luna mar,Ciudad Trío
p35,3,c153,Tiempo lluvia,Cielo Sur
p35,4,c082,Volcán fuego,Sueño Band
p35,5,c172,Horizonte mar,Eco Norte
p35,6,c119,Volcán fuego,Luna Band
p35,7,c041,Horizonte fuego,Volcán Sur
p35,8,c297,Cielo eco,Sueño Band
p35,9,c197,Río sueño,Eco Norte
p35,10,c169,Camino río,Luna Band
p35,11,c235,Tiempo río,Eco Norte
p35,12,c050,Fuego tiempo,Ciudad Trío
p36,1,c213,Río lluvia,Mar Norte
p36,2,c011,Horizonte sueño,Cielo Trío
p36,3,c174,Luna eco,Ciudad Trío
p36,4,c264,Luna camino,Lluvia Trío
p36,5,c165,Sol mar,Horizonte Sur
p36,6,c116,Mar eco,Horizonte Sur
p36,7,c197,Río sueño,Eco Norte
p37,1,c041,Horizonte fuego,Volcán Sur
p37,2,c083,Fuego noche,Ciudad Trío
p37,3,c160,Noche lluvia,Sueño Band
p37,4,c196,Sol cielo,Lluvia Sur
p37,5,c182,Mar cielo,Volcán Trío
p37,6,c190,Tiempo horizonte,Eco Norte
p37,7,c062,Fuego horizonte,Noche Club
p37,8,c010,Río sol,Sueño Band
p37,9,c004,Camino lluvia,Tiempo Sur
p37,10,c286,Tiempo horizonte,Volcán Sur
p37,11,c247,Horizonte ciudad,Tiempo Trío
p38,1,c264,Luna camino,Lluvia Trío
p38,2,c246,Camino viento,Mar Band
p38,3,c225,Noche viento,Luna Band
p38,4,c044,Mar cielo,Fuego Sur
p38,5,c121,Sueño horizonte,Volcán Sur
p38,6,c042,Noche ciudad,Horizonte Trío
p38,7,c048,Río noche,Lluvia Band
p38,8,c261,Río luna,Lluvia Club
p38,9,c298,Fuego viento,Mar Club
p38,10,c098,Sueño viento,Lluvia Trío
p38,11,c174,Luna eco,Ciudad Trío
p38,12,c071,Mar volcán,Lluvia Sur
p38,13,c068,Fuego tiempo,Volcán Sur
p39,1,c233,Eco río,Horizonte Sur
p39,2,c082,Volcán fuego,Sueño Band
p39,3,c207,Fuego viento,Lluvia Club
p39,4,c012,Horizonte viento,Eco Norte
p39,5,c287,Luna ciudad,Lluvia Sur
p39,6,c070,Sueño tiempo,Lluvia Trío
p39,7,c114,Cielo río,Tiempo Trío
p39,8,c168,Volcán ciudad,Lluvia Trío
p39,9,c054,Mar ciudad,Noche Club
p39,10,c075,Camino tiempo,Cielo Sur
p39,11,c104,Luna río,Noche Club
p40,1,c206,Ciudad horizonte,Viento Band
p40,2,c149,Noche río,Lluvia Band
p40,3,c066,Mar viento,Tiempo Sur
p40,4,c090,Sol luna,Cielo Trío
p40,5,c212,Ciudad horizonte,Camino Norte
p40,6,c266,Volcán volcán,Tiempo Band
p40,7,c143,Noche eco,Ciudad Trío
p40,8,c259,Noche sol,Cielo Band
p40,9,c198,Sueño sueño,Tiempo Sur
p41,1,c118,Ciudad mar,Cielo Band
p41,2,c080,Mar cielo,Viento Band
p41,3,c074,Lluvia cielo,Horizonte Trío
p41,4,c235,Tiempo río,Eco Norte
p41,5,c292,Fuego luna,Fuego Trío
p41,6,c288,Viento noche,Cielo Trío
p41,7,c173,Lluvia sol,Tiempo Sur
p41,8,c205,Volcán camino,Tiempo Club
p41,9,c241,Río luna,Volcán Norte
p41,10,c055,Sueño lluvia,Cielo Sur
p41,11,c092,Viento ciudad,Mar Sur
p42,1,c220,Luna ciudad,Volcán Trío
p42,2,c057,Sol lluvia,Tiempo Band
p42,3,c144,Fuego lluvia,Lluvia Trío
p42,4,c251,Volcán fuego,Luna Band
p42,5,c143,Noche eco,Ciudad Trío
p42,6,c078,Luna mar,Ciudad Trío
p42,7,c067,Viento horizonte,Camino Norte
p42,8,c176,Tiempo sol,Tiempo Trío
p42,9,c030,Mar mar,Tiempo Band
p42,10,c081,Horizonte sol,Mar Club
p43,1,c183,Fuego tiempo,Lluvia Sur
p43,2,c087,Sueño viento,Horizonte Sur
p43,3,c213,Río lluvia,Mar Norte
p43,4,c206,Ciudad horizonte,Viento Band
p43,5,c096,Volcán mar,Tiempo Sur
p43,6,c273,Sol río,Mar Sur
p43,7,c161,Cielo río,Cielo Trío
p43,8,c063,Lluvia mar,Sueño Band
p43,9,c232,Río sueño,Fuego Trío
p43,10,c043,Sueño ciudad,Ciudad Trío
p43,11,c016,Cielo viento,Cielo Sur
p43,12,c118,Ciudad mar,Cielo Band
p43,13,c028,Noche lluvia,Tiempo Club
p43,14,c103,Cielo río,Mar Band
p43,15,c150,Noche ciudad,Tiempo Sur
p43,16,c270,Sueño sol,Mar Norte
p43,17,c266,Volcán volcán,Tiempo Band
p43,18,c181,Ciudad fuego,Fuego Sur
p44,1,c042,Noche ciudad,Horizonte Trío
p44,2,c060,Lluvia tiempo,Ciudad Trío
p44,3,c214,Camino fuego,Cielo Sur
p44,4,c096,Volcán mar,Tiempo Sur
p44,5,c180,Fuego volcán,Cielo Trío
p44,6,c031,Lluvia sol,Lluvia Trío
p44,7,c085,Noche ciudad,Sueño Band
p44,8,c011,Horizonte sueño,Cielo Trío
p44,9,c049,Mar camino,Volcán Norte
p44,10,c079,Río noche,Mar Band
p44,11,c023,Río tiempo,Cielo Trío
p44,12,c203,Fuego ciudad,Cielo Band
p44,13,c115,Sol volcán,Volcán Trío
p44,14,c271,Horizonte mar,Viento Norte
p44,15,c229,Luna viento,Lluvia Trío
p44,16,c150,Noche ciudad,Tiempo Sur
p44,17,c196,Sol cielo,Lluvia Sur
p45,1,c199,Cielo ciudad,Tiempo Sur
p45,2,c002,Sueño eco,Cielo Sur
p45,3,c235,Tiempo río,Eco Norte
p45,4,c217,Sol ciudad,Ciudad Trío
p45,5,c202,Sueño fuego,Cielo Sur
p45,6,c273,Sol río,Mar Sur
p45,7,c185,Camino volcán,Eco Norte
p45,8,c289,Eco volcán,Volcán Norte
p45,9,c093,Cielo ciudad,Mar Club
p45,10,c181,Ciudad fuego,Fuego Sur
p46,1,c065,Volcán fuego,Lluvia Trío
p46,2,c173,Lluvia sol,Tiempo Sur
p46,3,c113,Horizonte viento,Cielo Trío
p46,4,c199,Cielo ciudad,Tiempo Sur
p46,5,c119,Volcán fuego,Luna Band
p46,6,c247,Horizonte ciudad,Tiempo Trío
p46,7,c197,Río sueño,Eco Norte
p46,8,c135,Ciudad fuego,Ciudad Band
p46,9,c187,Cielo cielo,Horizonte Trío
p46,10,c279,Tiempo horizonte,Viento Band
p46,11,c062,Fuego horizonte,Noche Club
p46,12,c130,Eco noche,Tiempo Club
p46,13,c170,Viento ciudad,Lluvia Trío
p46,14,c052,Volcán viento,Volcán Sur
p46,15,c224,Río sol,Luna Sur
p47,1,c221,Horizonte lluvia,Sueño Band
p47,2,c180,Fuego volcán,Cielo Trío
p47,3,c157,Noche mar,Eco Norte
p47,4,c097,Eco cielo,Mar Band
p47,5,c211,Tiempo sol,Mar Norte
p47,6,c129,Cielo ciudad,Cielo Trío
p47,7,c285,Eco cielo,Cielo Band
p47,8,c085,Noche ciudad,Sueño Band
p47,9,c279,Tiempo horizonte,Viento Band
p47,10,c146,Sol lluvia,Camino Norte
p47,11,c238,Camino fuego,Lluvia Sur
p47,12,c225,Noche viento,Luna Band
p47,13,c224,Río sol,Luna Sur
p47,14,c039,Camino horizonte,Tiempo Band
p48,1,c264,Luna camino,Lluvia Trío
p48,2,c156,Fuego eco,Camino Norte
p48,3,c224,Río sol,Luna Sur
p48,4,c033,Lluvia luna,Mar Norte
p48,5,c299,Ciudad luna,Sueño Band
p48,6,c183,Fuego tiempo,Lluvia Sur
p48,7,c126,Río lluvia,Camino Norte
p48,8,c274,Fuego fuego,Sueño Band
p48,9,c073,Eco eco,Sueño Band
p48,10,c015,Luna río,Mar Band
p48,11,c193,Eco eco,Tiempo Band
p48,12,c280,Río sueño,Ciudad Band
p48,13,c144,Fuego lluvia,Lluvia Trío
p48,14,c035,Mar volcán,Cielo Trío
p48,15,c244,Luna lluvia,Cielo Trío
p48,16,c059,Mar ciudad,Volcán Sur
p48,17,c238,Camino fuego,Lluvia Sur
p49,1,c108,Río ciudad,Mar Sur
p49,2,c148,Sol mar,Tiempo Sur
p49,3,c075,Camino tiempo,Cielo Sur
p49,4,c015,Luna río,Mar Band
p49,5,c222,Lluvia lluvia,Luna Band
p49,6,c170,Viento ciudad,Lluvia Trío
p50,1,c262,Mar mar,Viento Norte
p50,2,c176,Tiempo sol,Tiempo Trío
p50,3,c003,Noche fuego,Volcán Trío
p50,4,c164,Noche luna,Sueño Band
p50,5,c047,Cielo volcán,Mar Norte
p50,6,c185,Camino volcán,Eco Norte
p50,7,c236,Ciudad ciudad,Tiempo Trío
p51,1,c198,Sueño sueño,Tiempo Sur
p51,2,c140,Noche volcán,Lluvia Trío
p51,3,c231,Tiempo volcán,Lluvia Trío
p51,4,c125,Camino camino,Luna Sur
p51,5,c082,Volcán fuego,Sueño Band
p51,6,c022,Lluvia luna,Tiempo Trío
p51,7,c021,Noche ciudad,Cielo Trío
p51,8,c235,Tiempo río,Eco Norte
p52,1,c251,Volcán fuego,Luna Band
p52,2,c102,Horizonte sueño,Fuego Sur
p52,3,c153,Tiempo lluvia,Cielo Sur
p52,4,c140,Noche volcán,Lluvia Trío
p52,5,c100,Río lluvia,Noche Club
p52,6,c155,Lluvia tiempo,Lluvia Trío
p52,7,c055,Sueño lluvia,Cielo Sur
p52,8,c296,Noche ciudad,Ciudad Trío
p52,9,c002,Sueño eco,Cielo Sur
p52,10,c003,Noche fuego,Volcán Trío
p52,11,c068,Fuego tiempo,Volcán Sur
p52,12,c037,Eco luna,Cielo Trío
p53,1,c077,Río cielo,Tiempo Sur
p53,2,c138,Luna ciudad,Lluvia Trío
p53,3,c012,Horizonte viento,Eco Norte
p53,4,c279,Tiempo horizonte,Viento Band
p53,5,c067,Viento horizonte,Camino Norte
p54,1,c294,Volcán noche,Volcán Sur
p54,2,c174,Luna eco,Ciudad Trío
p54,3,c253,Río sueño,Eco Norte
p54,4,c085,Noche ciudad,Sueño Band
p54,5,c175,Eco fuego,Volcán Sur
p54,6,c143,Noche eco,Ciudad Trío
p54,7,c080,Mar cielo,Viento Band
p54,8,c193,Eco eco,Tiempo Band
p54,9,c188,Noche viento,Mar Club
p54,10,c009,Noche horizonte,Lluvia Band
p54,11,c052,Volcán viento,Volcán Sur
p54,12,c045,Lluvia ciudad,Fuego Sur
p54,13,c287,Luna ciudad,Lluvia Sur
p55,1,c022,Lluvia luna,Tiempo Trío
p55,2,c285,Eco cielo,Cielo Band
p55,3,c168,Volcán ciudad,Lluvia Trío
p55,4,c125,Camino camino,Luna Sur
p55,5,c220,Luna ciudad,Volcán Trío
p55,6,c143,Noche eco,Ciudad Trío
p55,7,c196,Sol cielo,Lluvia Sur
p55,8,c191,Eco río,Fuego Trío
p56,1,c229,Luna viento,Lluvia Trío
p56,2,c115,Sol volcán,Volcán Trío
p56,3,c267,Luna tiempo,Cielo Band
p56,4,c294,Volcán noche,Volcán Sur
p56,5,c169,Camino río,Luna Band
p56,6,c107,Ciudad sol,Luna Sur
p56,7,c213,Río lluvia,Mar Norte
p56,8,c015,Luna río,Mar Band
p56,9,c072,Eco sol,Horizonte Sur
p56,10,c100,Río lluvia,Noche Club
p56,11,c170,Viento ciudad,Lluvia Trío
p56,12,c040,Sueño volcán,Cielo Trío
p56,13,c238,Camino fuego,Lluvia Sur
p56,14,c085,Noche ciudad,Sueño Band
p56,15,c248,Horizonte fuego,Lluvia Trío
p57,1,c077,Río cielo,Tiempo Sur
p57,2,c080,Mar cielo,Viento Band
p57,3,c218,Fuego mar,Tiempo Club
p57,4,c279,Tiempo horizonte,Viento Band
p57,5,c233,Eco río,Horizonte Sur
p57,6,c117,Camino cielo,Ciudad Trío
p57,7,c250,Volcán luna,Mar Sur
p58,1,c019,Tiempo fuego,Cielo Trío
p58,2,c209,Sueño sol,Mar Sur
p58,3,c016,Cielo viento,Cielo Sur
p58,4,c092,Viento ciudad,Mar Sur
p58,5,c002,Sueño eco,Cielo Sur
p58,6,c245,Volcán mar,Cielo Trío
p58,7,c118,Ciudad mar,Cielo Band
p58,8,c293,Ciudad horizonte,Camino Norte
p58,9,c232,Río sueño,Fuego Trío
p59,1,c230,Camino lluvia,Viento Band
p59,2,c007,Río lluvia,Mar Band
p59,3,c083,Fuego noche,Ciudad Trío
p59,4,c159,Eco sueño,Lluvia Club
p59,5,c134,Ciudad tiempo,Lluvia Trío
p59,6,c012,Horizonte viento,Eco Norte
p59,7,c017,Ciudad camino,Mar Club
p59,8,c048,Río noche,Lluvia Band
p59,9,c251,Volcán fuego,Luna Band
p59,10,c115,Sol volcán,Volcán Trío
p59,11,c155,Lluvia tiempo,Lluvia Trío
p59,12,c095,Tiempo fuego,Volcán Trío
p59,13,c299,Ciudad luna,Sueño Band
p60,1,c041,Horizonte fuego,Volcán Sur
p60,2,c134,Ciudad tiempo,Lluvia Trío
p60,3,c046,Río río,Lluvia Band
p60,4,c148,Sol mar,Tiempo Sur
p60,5,c154,Sol ciudad,Cielo Trío
p60,6,c220,Luna ciudad,Volcán Trío
p60,7,c006,Sol río,Cielo Trío
p60,8,c162,Eco lluvia,Tiempo Club
p60,9,c265,Volcán mar,Mar Club
p60,10,c223,Horizonte lluvia,Volcán Trío
